trace_id,kind,completed_at,connection_id,question,sql,label,reasons,evidence,auditor_verdict,failure_class,note
bfcc1220,chat,2026-09-26T13:35:40.728079+00:00,8d36d4c2,How many orders are there in total?,"SELECT COUNT(*) AS rows_total, COUNT(DISTINCT order_id) AS distinct_orders FROM orders",positive,"ran without error, returned rows, no guard but lint fired, the re-check found it unchanged or did not run, nobody rejected it","{""contradiction"": null, ""execution"": ""ok"", ""guard_fires"": [], ""human_verdict"": null, ""recheck"": ""unchanged"", ""rows"": 1}",,,
9ebb4e3f,chat,2026-09-26T13:11:41.756744+00:00,8233e4fd,"A departure was held by the re-measure guard: 1,648.08, 1,151.01, 23,776.00, 4,702.23 not in analysis ecb56660 (measured moments ago). What does that mean, and what should I change so the next run sends? (automation ""The Look - Daily Briefing"")",,unlabeled,no statement ran,"{""contradiction"": null, ""execution"": ""none"", ""guard_fires"": [], ""human_verdict"": null, ""recheck"": null, ""rows"": null}",,,
9a25433e,investigation,2026-09-26T10:05:35.664010+00:00,8233e4fd,"[Scheduled-run context — written by code, not inferred]
This is a scheduled daily run at 2026-09-26T09:54Z.
Observe 2026-09-18 (UTC), the most recent complete day given this automation's observation lag of 8 days — periods younger than that are configured as not yet reliable for this source.
Never treat the current, in-progress period (today is 2026-09-26 UTC and it is partial by construction) as an observation period, and never compare a partial period against a complete one.
Say in the report which period you observed AND that it is 8 days behind today (2026-09-26 UTC), because this source restates its most recent days. A reader must never have to guess why the newest figure you quote is dated earlier than today — undated, a lagged report is indistinguishable from a broken one.

[Previous scheduled report — for consistency checking]
The previous run of this automation (2026-09-26T09:00Z) reported:
""⚠ A trust check flagged the evidence and the figures below are NOT reliable: metric formula drift: this figure is labelled Revenue but was not computed from your organisation's definition of it — it reads 'order_items', which that definition warns against. Read it as an unlabelled number, not as Revenue. Do not read the numbers or ranking as fact until they are recomputed. theLook's observed day is 2026-09-18 (UTC), reported 8 days behind today (2026-09-26 UTC) because this source restates its most recent days — the newest figure here is dated earlier than today by design, not because the pipeline is broken. Net revenue at order-items grain was 19,860.41 against 21,952.90 on 2026-09-17, a move of −2,092.49 (−9.53%), which sits at z = 0.70 against the trailing 28-day baseline (mean 18,195.07, σ 2,371.22) — inside normal variation, so this is not a real decline. The""
If your current measurements DISAGREE with numbers that report states for the same periods, the SOURCE has restated its own history — say that explicitly, with both values, instead of narrating the difference as a business change.

What changed in theLook in the last day? Give me the top three findings with the numbers.",,unlabeled,a statement returned no rows,"{""contradiction"": null, ""execution"": ""ok"", ""guard_fires"": [], ""human_verdict"": null, ""recheck"": null, ""rows"": 204}",,,
cd5b038c,investigation,2026-09-26T09:13:14.537166+00:00,8233e4fd,"[Scheduled-run context — written by code, not inferred]
This is a scheduled daily run at 2026-09-26T09:00Z.
Observe 2026-09-18 (UTC), the most recent complete day given this automation's observation lag of 8 days — periods younger than that are configured as not yet reliable for this source.
Never treat the current, in-progress period (today is 2026-09-26 UTC and it is partial by construction) as an observation period, and never compare a partial period against a complete one.
Say in the report which period you observed AND that it is 8 days behind today (2026-09-26 UTC), because this source restates its most recent days. A reader must never have to guess why the newest figure you quote is dated earlier than today — undated, a lagged report is indistinguishable from a broken one.

[Previous scheduled report — for consistency checking]
The previous run of this automation (2026-09-25T09:00Z) reported:
""theLook's September 17, 2026 (UTC day) — observed 8 days behind today (2026-09-25 UTC) because this source restates its most recent days — was a normal trading day: net revenue at order-items grain was 19,569.58 against 19,073.77 on September 16, a move of +495.81 (+2.60%), which sits at z = 0.65 against a 28-day baseline (mean 18,088.35, σ 2,296.03), inside normal variation. The day's composition moved on price, not traffic: a value effect of +1,648.08 (average item value 59.85 vs 54.81, +9.2%) against a volume drag of −1,151.01 (327 items vs 348, −6.0%; 305 orders vs 312). Underneath the near-flat total the category mix reshuffled: Jeans +1,281.64 (1,946.17 → 3,227.81), Outerwear & Coats +869.36 and Accessories +379.67 against Suits −582.89, Pants −508.55 and Dresses −506.53. The source has restated its own history — September 16 now reads 19,073.77 on 312 orders where the previous run reported 23,776.00 on 346, a −4,702.23 (−19.8%) restatement, not a business change. The only statistically significant signal in the data is not this day but a multi-week level shift at weekly grain (Welch t = 2.82, p = 0.017), with weekly net revenue rising from 40,183.14 in the week of 2026-06-14""
If your current measurements DISAGREE with numbers that report states for the same periods, the SOURCE has restated its own history — say that explicitly, with both values, instead of narrating the difference as a business change.

What changed in theLook in the last day? Give me the top three findings with the numbers.",,negative,"a statement failed: 400 CAST operators are not supported at [1:8]; reason: invalidQuery, location: query, message: CAST operators are not su","{""contradiction"": null, ""execution"": ""error"", ""guard_fires"": [], ""human_verdict"": null, ""recheck"": null, ""rows"": 309}",,,
c162e555,chat,2026-09-25T18:59:18.066016+00:00,8233e4fd,"A departure was held by the Re-measure guard: 1,648.08, 1,151.01, 23,776.00, 4,702.23 not in analysis ecb56660 (measured moments ago). What does that mean, and what should I change so the next run sends? (departure 073097487898, automation ""The Look - Daily Briefing"")",,unlabeled,no statement ran,"{""contradiction"": null, ""execution"": ""none"", ""guard_fires"": [], ""human_verdict"": null, ""recheck"": null, ""rows"": null}",,,
09dc6168,chat,2026-09-25T18:10:29.667385+00:00,8233e4fd,"A departure was held by the Re-measure guard: 1,648.08, 1,151.01, 23,776.00, 4,702.23 not in analysis ecb56660 (measured moments ago). What does that mean, and what should I change so the next run sends? (departure 073097487898, automation ""The Look - Daily Briefing"")",,unlabeled,no statement ran,"{""contradiction"": null, ""execution"": ""none"", ""guard_fires"": [], ""human_verdict"": null, ""recheck"": null, ""rows"": null}",,,
ecf50638,investigation,2026-09-25T09:05:35.249006+00:00,8233e4fd,"[Scheduled-run context — written by code, not inferred]
This is a scheduled daily run at 2026-09-25T09:00Z.
Observe 2026-09-17 (UTC), the most recent complete day given this automation's observation lag of 8 days — periods younger than that are configured as not yet reliable for this source.
Never treat the current, in-progress period (today is 2026-09-25 UTC and it is partial by construction) as an observation period, and never compare a partial period against a complete one.
Say in the report which period you observed AND that it is 8 days behind today (2026-09-25 UTC), because this source restates its most recent days. A reader must never have to guess why the newest figure you quote is dated earlier than today — undated, a lagged report is indistinguishable from a broken one.

[Previous scheduled report — for consistency checking]
The previous run of this automation (2026-09-24T09:00Z) reported:
""theLook's September 16, 2026 — observed 8 days behind today (2026-09-24 UTC) because this source restates its most recent days — was not an abnormal trading day: at order-items grain net revenue was 23,776.00 on 346 orders against 23,460.04 on 349 orders on September 15, a move of +315.96 (+1.35%), and the trailing test places the day at z = 1.08 against a baseline mean of 18,561.51 (σ 2,471.76), inside normal variation. The same day measured at orders grain reads 21,231.17 on 246 orders against 23,975.71 on 271 — −2,744.54 (−11.45%) — so the two date columns in this source disagree on the day's sign; that is a measurement conflict, not a second business event. Underneath the near-flat total the category mix reshuffled hard: Outerwear & Coats +1,905.14 (1,259.75 → 3,164.89) against Sweaters −1,568.89, Active −845.63, Jeans −783.05, and Jumpsuits & Rompers at 0.00 (from 587.93). Order status moved Processing +772.30 (5,840.65 → 6,612.95) and Returned −415.26 (1,762.39 → 1,347.13), with gender effectively neutral (F +332.85, M −16.89). The only statistically significant signal is the multi-week level shift (+16.5%, recent half 21,347.4 vs prior half 18,327.9, Welch t = 2.91, p = 0.01""
If your current measurements DISAGREE with numbers that report states for the same periods, the SOURCE has restated its own history — say that explicitly, with both values, instead of narrating the difference as a business change.

What changed in theLook in the last day? Give me the top three findings with the numbers.",,negative,a fanout_detected guard fired,"{""contradiction"": null, ""execution"": ""ok"", ""guard_fires"": [""fanout_detected:flagged""], ""human_verdict"": null, ""recheck"": null, ""rows"": 98}",,,
